<?xml version="1.0" encoding="UTF-8"?>
<preferences>
 <debug showDebugMenu="0" />
 <systemtable filter="All Interfaces">
  <columns>
   <connections preferredWidth="143" />
   <irq preferredWidth="34" />
  </columns>
 </systemtable>
 <library
   expandedCategories="Library/Basic Functions,Library,Library/DSP/Video and Image Processing,Library/University Program/Memory,Library/University Program/Clock,Library/Memory Interfaces and Controllers/SDRAM,Library/Memory Interfaces and Controllers/Memory Interfaces with UniPHY,Library/Basic Functions/Configuration and Programming,Library/Basic Functions/On Chip Memory,Library/Memory Interfaces and Controllers/Memory Interfaces with ALTMEMPHY,Library/Memory Interfaces and Controllers,Library/DSP,Library/University Program" />
 <window width="1100" height="800" x="606" y="141" />
 <generation synthesis="NONE" simulation="VERILOG" />
</preferences>
